{"cameraMode":{"drawMode":0,"name":"Shaded","section":"Shading Mode"},"sceneLighting":false,"audioPlay":false,"sceneViewState":{"showFog":true,"showMaterialUpdate":false,"showSkybox":true,"showFlares":true,"showImageEffects":true,"showParticleSystems":true},"in2DMode":false,"pivot":{"x":-1.2009401321411133,"y":0.07691717147827149,"z":1.1715850830078126},"rotation":{"x":0.012546466663479805,"y":-0.9864594340324402,"z":0.1358044594526291,"w":0.09111617505550385},"size":21.010000228881837,"orthographic":false}