{"cameraMode":{"drawMode":0,"name":"Shaded","section":"Shading Mode"},"sceneLighting":false,"audioPlay":false,"sceneViewState":{"showFog":true,"showMaterialUpdate":false,"showSkybox":true,"showFlares":true,"showImageEffects":true,"showParticleSystems":true},"in2DMode":false,"pivot":{"x":-8.043746948242188,"y":-13.044363021850586,"z":-0.4287853240966797},"rotation":{"x":0.29318585991859438,"y":0.46099016070365908,"z":-0.16457383334636689,"w":0.8212464451789856},"size":63.73050308227539,"orthographic":false}