{"cameraMode":{"drawMode":0,"name":"Shaded","section":"Shading Mode"},"sceneLighting":false,"audioPlay":false,"sceneViewState":{"showFog":true,"showMaterialUpdate":false,"showSkybox":true,"showFlares":true,"showImageEffects":true,"showParticleSystems":true},"in2DMode":false,"pivot":{"x":-11.177242279052735,"y":7.190025329589844,"z":-2.375725746154785},"rotation":{"x":0.496343731880188,"y":0.17713157832622529,"z":-0.10423628985881806,"w":0.8434476256370544},"size":19.247758865356447,"orthographic":false}