{"cameraMode":{"drawMode":0,"name":"Shaded","section":"Shading Mode"},"sceneLighting":false,"audioPlay":false,"sceneViewState":{"showFog":true,"showMaterialUpdate":false,"showSkybox":true,"showFlares":true,"showImageEffects":true,"showParticleSystems":true},"in2DMode":false,"pivot":{"x":5.355501174926758,"y":-6.054008483886719,"z":-0.681046724319458},"rotation":{"x":0.3174314796924591,"y":0.597727358341217,"z":-0.27840912342071535,"w":0.681505560874939},"size":47.758392333984378,"orthographic":false}