{"cameraMode":{"drawMode":0,"name":"Shaded","section":"Shading Mode"},"sceneLighting":false,"audioPlay":false,"sceneViewState":{"showFog":true,"showMaterialUpdate":false,"showSkybox":true,"showFlares":true,"showImageEffects":true,"showParticleSystems":true},"in2DMode":false,"pivot":{"x":-13.107117652893067,"y":6.235012531280518,"z":1.336348056793213},"rotation":{"x":0.22620266675949098,"y":0.7408550381660461,"z":-0.3014172613620758,"w":0.5559824109077454},"size":11.924522399902344,"orthographic":false}