{"cameraMode":{"drawMode":0,"name":"Shaded","section":"Shading Mode"},"sceneLighting":false,"audioPlay":false,"sceneViewState":{"showFog":true,"showMaterialUpdate":false,"showSkybox":true,"showFlares":true,"showImageEffects":true,"showParticleSystems":true},"in2DMode":false,"pivot":{"x":0.23829936981201173,"y":8.864700317382813,"z":0.25928282737731936},"rotation":{"x":0.5717959403991699,"y":0.08939091116189957,"z":-0.0628630742430687,"w":0.8130857944488525},"size":30.576984405517579,"orthographic":false}