{"cameraMode":{"drawMode":0,"name":"Shaded","section":"Shading Mode"},"sceneLighting":false,"audioPlay":false,"sceneViewState":{"showFog":true,"showMaterialUpdate":false,"showSkybox":true,"showFlares":true,"showImageEffects":true,"showParticleSystems":true},"in2DMode":false,"pivot":{"x":0.47007179260253909,"y":0.6432867050170898,"z":0.31852906942367556},"rotation":{"x":0.2929077744483948,"y":0.6344921588897705,"z":-0.2828890085220337,"w":0.6569629907608032},"size":11.231985092163086,"orthographic":false}