{"cameraMode":{"drawMode":0,"name":"Shaded","section":"Shading Mode"},"sceneLighting":false,"audioPlay":false,"sceneViewState":{"showFog":true,"showMaterialUpdate":false,"showSkybox":true,"showFlares":true,"showImageEffects":true,"showParticleSystems":true},"in2DMode":false,"pivot":{"x":-1.2995697259902955,"y":-1.214003324508667,"z":-1.397374153137207},"rotation":{"x":0.0019905944354832174,"y":-0.9694229960441589,"z":0.24527321755886079,"w":0.007857528515160084},"size":9.704988479614258,"orthographic":false}