{"cameraMode":{"drawMode":0,"name":"Shaded","section":"Shading Mode"},"sceneLighting":false,"audioPlay":false,"sceneViewState":{"showFog":true,"showMaterialUpdate":false,"showSkybox":true,"showFlares":true,"showImageEffects":true,"showParticleSystems":true},"in2DMode":false,"pivot":{"x":-3.3936376571655275,"y":-6.221097946166992,"z":-3.9871129989624025},"rotation":{"x":0.10634753853082657,"y":-0.8911522030830383,"z":0.27450206875801089,"w":0.34524044394493105},"size":4.223937511444092,"orthographic":false}