{"cameraMode":{"drawMode":0,"name":"Shaded","section":"Shading Mode"},"sceneLighting":false,"audioPlay":false,"sceneViewState":{"showFog":true,"showMaterialUpdate":false,"showSkybox":true,"showFlares":true,"showImageEffects":true,"showParticleSystems":true},"in2DMode":false,"pivot":{"x":3.056300163269043,"y":-1.9770584106445313,"z":-10.03295612335205},"rotation":{"x":0.5316597819328308,"y":-0.46808481216430666,"z":0.48759257793426516,"w":0.5103877782821655},"size":37.07752227783203,"orthographic":false}