{"cameraMode":{"drawMode":0,"name":"Shaded","section":"Shading Mode"},"sceneLighting":false,"audioPlay":false,"sceneViewState":{"showFog":true,"showMaterialUpdate":false,"showSkybox":true,"showFlares":true,"showImageEffects":true,"showParticleSystems":true},"in2DMode":false,"pivot":{"x":-0.1354351043701172,"y":1.9005675315856934,"z":1.1146719455718995},"rotation":{"x":-0.11818421632051468,"y":-0.8809590339660645,"z":0.3440344035625458,"w":-0.3026302456855774},"size":6.488685131072998,"orthographic":false}