{"cameraMode":{"drawMode":0,"name":"Shaded","section":"Shading Mode"},"sceneLighting":false,"audioPlay":false,"sceneViewState":{"showFog":true,"showMaterialUpdate":false,"showSkybox":true,"showFlares":true,"showImageEffects":true,"showParticleSystems":true},"in2DMode":false,"pivot":{"x":-3.815972328186035,"y":8.06123161315918,"z":-10.769830703735352},"rotation":{"x":0.26645323634147646,"y":0.6444234251976013,"z":-0.25656789541244509,"w":0.6692511439323425},"size":13.507898330688477,"orthographic":false}