{"cameraMode":{"drawMode":0,"name":"Shaded","section":"Shading Mode"},"sceneLighting":false,"audioPlay":false,"sceneViewState":{"showFog":true,"showMaterialUpdate":false,"showSkybox":true,"showFlares":true,"showImageEffects":true,"showParticleSystems":true},"in2DMode":false,"pivot":{"x":1.207275390625,"y":0.3632659912109375,"z":0.3896484375},"rotation":{"x":-0.048938918858766559,"y":-0.6278548240661621,"z":-0.03960730507969856,"w":0.775780439376831},"size":3.2706358432769777,"orthographic":true}