{"cameraMode":{"drawMode":0,"name":"Shaded","section":"Shading Mode"},"sceneLighting":false,"audioPlay":false,"sceneViewState":{"showFog":true,"showMaterialUpdate":false,"showSkybox":true,"showFlares":true,"showImageEffects":true,"showParticleSystems":true},"in2DMode":false,"pivot":{"x":0.26459527015686037,"y":0.4798316955566406,"z":-3.131915807723999},"rotation":{"x":0.2564041316509247,"y":-0.729570746421814,"z":0.5239460468292236,"w":0.3570273816585541},"size":0.7797154784202576,"orthographic":false}