{"cameraMode":{"drawMode":0,"name":"Shaded","section":"Shading Mode"},"sceneLighting":false,"audioPlay":false,"sceneViewState":{"showFog":true,"showMaterialUpdate":false,"showSkybox":true,"showFlares":true,"showImageEffects":true,"showParticleSystems":true},"in2DMode":false,"pivot":{"x":3.8903870582580568,"y":-3.460352897644043,"z":1.3646831512451172},"rotation":{"x":0.3825680911540985,"y":0.3606721758842468,"z":-0.1653672754764557,"w":0.8343940377235413},"size":22.0,"orthographic":false}