{"cameraMode":{"drawMode":0,"name":"Shaded","section":"Shading Mode"},"sceneLighting":false,"audioPlay":false,"sceneViewState":{"showFog":true,"showMaterialUpdate":false,"showSkybox":true,"showFlares":true,"showImageEffects":true,"showParticleSystems":true},"in2DMode":false,"pivot":{"x":1.4706718921661378,"y":-4.652781009674072,"z":0.902428150177002},"rotation":{"x":-0.48786911368370058,"y":-0.2852897047996521,"z":0.17252764105796815,"w":-0.8067405223846436},"size":11.344496726989746,"orthographic":false}