{"cameraMode":{"drawMode":0,"name":"Shaded","section":"Shading Mode"},"sceneLighting":false,"audioPlay":false,"sceneViewState":{"showFog":true,"showMaterialUpdate":false,"showSkybox":true,"showFlares":true,"showImageEffects":true,"showParticleSystems":true},"in2DMode":false,"pivot":{"x":1.84371018409729,"y":7.370528221130371,"z":-3.0479722023010256},"rotation":{"x":-0.0986756905913353,"y":-0.8997541666030884,"z":0.27125313878059389,"w":-0.32730793952941897},"size":34.88845443725586,"orthographic":false}