{"cameraMode":{"drawMode":0,"name":"Shaded","section":"Shading Mode"},"sceneLighting":false,"audioPlay":false,"sceneViewState":{"showFog":true,"showMaterialUpdate":false,"showSkybox":true,"showFlares":true,"showImageEffects":true,"showParticleSystems":true},"in2DMode":false,"pivot":{"x":-5.00621223449707,"y":1.1348066329956055,"z":-3.3082237243652345},"rotation":{"x":-0.10743986815214157,"y":0.8900136351585388,"z":-0.2756156325340271,"w":-0.34694424271583559},"size":18.59284019470215,"orthographic":false}