{"cameraMode":{"drawMode":0,"name":"Shaded","section":"Shading Mode"},"sceneLighting":false,"audioPlay":false,"sceneViewState":{"showFog":true,"showMaterialUpdate":false,"showSkybox":true,"showFlares":true,"showImageEffects":true,"showParticleSystems":true},"in2DMode":false,"pivot":{"x":-11.400677680969239,"y":7.217836380004883,"z":-22.334136962890626},"rotation":{"x":0.4591223895549774,"y":0.08504799008369446,"z":-0.04421181604266167,"w":0.8831882476806641},"size":6.534456253051758,"orthographic":false}