{"cameraMode":{"drawMode":0,"name":"Shaded","section":"Shading Mode"},"sceneLighting":true,"audioPlay":false,"sceneViewState":{"showFog":true,"showMaterialUpdate":false,"showSkybox":true,"showFlares":true,"showImageEffects":true,"showParticleSystems":true},"in2DMode":false,"pivot":{"x":-0.5057452917098999,"y":4.668019771575928,"z":3.455155611038208},"rotation":{"x":-0.18523254990577699,"y":-0.003835445735603571,"z":0.0007232484640553594,"w":-0.9826890230178833},"size":66.51431274414063,"orthographic":false}