{"cameraMode":{"drawMode":0,"name":"Shaded","section":"Shading Mode"},"sceneLighting":false,"audioPlay":false,"sceneViewState":{"showFog":true,"showMaterialUpdate":false,"showSkybox":true,"showFlares":true,"showImageEffects":true,"showParticleSystems":true},"in2DMode":false,"pivot":{"x":0.14092548191547395,"y":0.5873602628707886,"z":-0.41227293014526369},"rotation":{"x":0.06772613525390625,"y":0.02992432378232479,"z":-0.0020336175803095104,"w":0.9972570538520813},"size":2.259725570678711,"orthographic":false}