{"cameraMode":{"drawMode":0,"name":"Shaded","section":"Shading Mode"},"sceneLighting":false,"audioPlay":false,"sceneViewState":{"showFog":true,"showMaterialUpdate":false,"showSkybox":true,"showFlares":true,"showImageEffects":true,"showParticleSystems":true},"in2DMode":false,"pivot":{"x":-48.69115447998047,"y":19.30974578857422,"z":15.828224182128907},"rotation":{"x":0.026598067954182626,"y":0.6661460995674133,"z":0.023788996040821077,"w":-0.7449730634689331},"size":117.4045181274414,"orthographic":false}