{"cameraMode":{"drawMode":0,"name":"Shaded","section":"Shading Mode"},"sceneLighting":false,"audioPlay":false,"sceneViewState":{"showFog":true,"showMaterialUpdate":false,"showSkybox":true,"showFlares":true,"showImageEffects":true,"showParticleSystems":true},"in2DMode":false,"pivot":{"x":3.8524322509765627,"y":1.7419090270996094,"z":-8.115694999694825},"rotation":{"x":-0.12806159257888795,"y":0.8479873538017273,"z":-0.23825013637542725,"w":-0.45580217242240908},"size":22.0,"orthographic":false}