{"cameraMode":{"drawMode":0,"name":"Shaded","section":"Shading Mode"},"sceneLighting":false,"audioPlay":false,"sceneViewState":{"showFog":true,"showMaterialUpdate":false,"showSkybox":true,"showFlares":true,"showImageEffects":true,"showParticleSystems":true},"in2DMode":false,"pivot":{"x":2.879849672317505,"y":1.1808242797851563,"z":-18.24774742126465},"rotation":{"x":-0.0001912387670017779,"y":0.9996470808982849,"z":0.007497482001781464,"w":0.02549649402499199},"size":49.845420837402347,"orthographic":false}