{"cameraMode":{"drawMode":0,"name":"Shaded","section":"Shading Mode"},"sceneLighting":false,"audioPlay":false,"sceneViewState":{"showFog":true,"showMaterialUpdate":false,"showSkybox":true,"showFlares":true,"showImageEffects":true,"showParticleSystems":true},"in2DMode":false,"pivot":{"x":418.11920166015627,"y":135.17477416992188,"z":427.09375},"rotation":{"x":-0.2977145314216614,"y":0.641829788684845,"z":-0.2982498109340668,"w":-0.6406779885292053},"size":85.73654174804688,"orthographic":true}