{"cameraMode":{"drawMode":0,"name":"Shaded","section":"Shading Mode"},"sceneLighting":false,"audioPlay":false,"sceneViewState":{"showFog":true,"showMaterialUpdate":false,"showSkybox":true,"showFlares":true,"showImageEffects":true,"showParticleSystems":true},"in2DMode":false,"pivot":{"x":-3.6172454357147219,"y":2.903935194015503,"z":7.979260444641113},"rotation":{"x":-0.2861464321613312,"y":-0.4094257056713104,"z":0.13695624470710755,"w":-0.8554173707962036},"size":5.205212116241455,"orthographic":false}