{"cameraMode":{"drawMode":0,"name":"Shaded","section":"Shading Mode"},"sceneLighting":false,"audioPlay":false,"sceneViewState":{"showFog":true,"showMaterialUpdate":false,"showSkybox":true,"showFlares":true,"showImageEffects":true,"showParticleSystems":true},"in2DMode":false,"pivot":{"x":-0.5406829118728638,"y":-4.46875,"z":13.68375015258789},"rotation":{"x":0.4410057067871094,"y":0.024227555841207506,"z":-0.011910046450793743,"w":0.8970982432365418},"size":159.20794677734376,"orthographic":true}