{"cameraMode":{"drawMode":0,"name":"Shaded","section":"Shading Mode"},"sceneLighting":false,"audioPlay":false,"sceneViewState":{"showFog":true,"showMaterialUpdate":false,"showSkybox":true,"showFlares":true,"showImageEffects":true,"showParticleSystems":true},"in2DMode":false,"pivot":{"x":-40.19099426269531,"y":17.508411407470704,"z":-20.54231071472168},"rotation":{"x":0.021119987592101098,"y":0.7414628863334656,"z":0.023363837972283365,"w":-0.6702547073364258},"size":199.5951690673828,"orthographic":false}