{"cameraMode":{"drawMode":0,"name":"Shaded","section":"Shading Mode"},"sceneLighting":false,"audioPlay":false,"sceneViewState":{"showFog":true,"showMaterialUpdate":false,"showSkybox":true,"showFlares":true,"showImageEffects":true,"showParticleSystems":true},"in2DMode":false,"pivot":{"x":-1.4386138916015626,"y":6.294921875,"z":-18.19140625},"rotation":{"x":0.12229034304618836,"y":0.2717285752296448,"z":-0.03483434394001961,"w":0.9539369344711304},"size":17.371685028076173,"orthographic":true}