{"cameraMode":{"drawMode":0,"name":"Shaded","section":"Shading Mode"},"sceneLighting":false,"audioPlay":false,"sceneViewState":{"showFog":true,"showMaterialUpdate":false,"showSkybox":true,"showFlares":true,"showImageEffects":true,"showParticleSystems":true},"in2DMode":false,"pivot":{"x":512.9279174804688,"y":23.625417709350587,"z":253.31216430664063},"rotation":{"x":0.2226845771074295,"y":-0.05991198867559433,"z":0.013712393119931221,"w":0.9729511141777039},"size":17.147302627563478,"orthographic":false}