{"cameraMode":{"drawMode":0,"name":"Shaded","section":"Shading Mode"},"sceneLighting":false,"audioPlay":false,"sceneViewState":{"showFog":true,"showMaterialUpdate":false,"showSkybox":true,"showFlares":true,"showImageEffects":true,"showParticleSystems":true},"in2DMode":false,"pivot":{"x":4.021949768066406,"y":3.2578125,"z":0.42391014099121096},"rotation":{"x":0.48498672246932986,"y":0.011805353686213494,"z":-0.0065477932803332809,"w":0.8744184970855713},"size":14.113729476928711,"orthographic":true}