{"cameraMode":{"drawMode":0,"name":"Shaded","section":"Shading Mode"},"sceneLighting":false,"audioPlay":false,"sceneViewState":{"showFog":true,"showMaterialUpdate":false,"showSkybox":true,"showFlares":true,"showImageEffects":true,"showParticleSystems":true},"in2DMode":false,"pivot":{"x":-1.1224552392959595,"y":0.09952771663665772,"z":0.29836177825927737},"rotation":{"x":-0.011101550422608853,"y":0.004499752074480057,"z":0.00005015848728362471,"w":0.999928891658783},"size":10.660906791687012,"orthographic":false}