{"cameraMode":{"drawMode":0,"name":"Shaded","section":"Shading Mode"},"sceneLighting":false,"audioPlay":false,"sceneViewState":{"showFog":true,"showMaterialUpdate":false,"showSkybox":true,"showFlares":true,"showImageEffects":true,"showParticleSystems":true},"in2DMode":false,"pivot":{"x":0.06168866157531738,"y":0.46857380867004397,"z":0.4861713647842407},"rotation":{"x":-0.2861464321613312,"y":-0.4094257056713104,"z":0.13695624470710755,"w":-0.8554173707962036},"size":5.40793514251709,"orthographic":false}