{"cameraMode":{"drawMode":0,"name":"Shaded","section":"Shading Mode"},"sceneLighting":false,"audioPlay":false,"sceneViewState":{"showFog":true,"showMaterialUpdate":false,"showSkybox":true,"showFlares":true,"showImageEffects":true,"showParticleSystems":true},"in2DMode":false,"pivot":{"x":1.5000001192092896,"y":-0.0625,"z":1.499999761581421},"rotation":{"x":-0.03776305913925171,"y":0.9621008038520813,"z":-0.1990373134613037,"w":-0.18253803253173829},"size":7.003425121307373,"orthographic":true}