{"cameraMode":{"drawMode":0,"name":"Shaded","section":"Shading Mode"},"sceneLighting":false,"audioPlay":false,"sceneViewState":{"showFog":true,"showMaterialUpdate":false,"showSkybox":true,"showFlares":true,"showImageEffects":true,"showParticleSystems":true},"in2DMode":false,"pivot":{"x":604.078857421875,"y":50.735328674316409,"z":-2.160125732421875},"rotation":{"x":-0.001499324687756598,"y":-0.029995465651154519,"z":-0.00004499324131757021,"w":0.9995489120483398},"size":354.3507995605469,"orthographic":false}