{"cameraMode":{"drawMode":0,"name":"Shaded","section":"Shading Mode"},"sceneLighting":false,"audioPlay":false,"sceneViewState":{"showFog":true,"showMaterialUpdate":false,"showSkybox":true,"showFlares":true,"showImageEffects":true,"showParticleSystems":true},"in2DMode":false,"pivot":{"x":481.29913330078127,"y":-1090.20458984375,"z":160.7894287109375},"rotation":{"x":0.15700387954711915,"y":0.7802591919898987,"z":-0.5653213858604431,"w":0.21669809520244599},"size":22.0,"orthographic":false}