{"cameraMode":{"drawMode":0,"name":"Shaded","section":"Shading Mode"},"sceneLighting":false,"audioPlay":false,"sceneViewState":{"showFog":true,"showMaterialUpdate":false,"showSkybox":true,"showFlares":true,"showImageEffects":true,"showParticleSystems":true},"in2DMode":false,"pivot":{"x":0.7786686420440674,"y":0.359560489654541,"z":0.40468883514404299},"rotation":{"x":-0.23632866144180299,"y":-0.041672348976135257,"z":0.010145350359380246,"w":-0.9707260727882385},"size":10.818076133728028,"orthographic":false}